,journal_title,article_title,contributors,year,doi
0,Climate Dynamics,Climate Dynamics,"['Martin Ménégoz', 'Christophe Cassou', 'Didier Swingedouw', 'Yohan Ruprich-Robert', 'Pierre-Antoine Bretonnière', 'Francisco Doblas-Reyes']",2018,10.1007/s00382-017-3986-1
1,Journal of Geophysical Research: Atmospheres,Journal of Geophysical Research: Atmospheres,"['Lauren R. Marshall', 'Anja Schmidt', 'Jill S. Johnson', 'Graham W. Mann', 'Lindsay A. Lee', 'Richard Rigby', 'Ken S. Carslaw']",2021,10.1029/2020JD033578
2,Journal of Climate,Journal of Climate,"['Meng Zuo', 'Wenmin Man', 'Tianjun Zhou']",2021,10.1175/JCLI-D-20-0891.1
3,Science Advances,Science Advances,"['Francesco S. R. Pausata', 'Davide Zanchettin', 'Christina Karamperidou', 'Rodrigo Caballero', 'David S. Battisti']",2020,10.1126/sciadv.aaz5006
4,Atmospheric Chemistry and Physics,Atmospheric Chemistry and Physics,"['Laura E. Revell', 'Andrea Stenke', 'Beiping Luo', 'Stefanie Kremser', 'Eugene Rozanov', 'Timofei Sukhodolov', 'Thomas Peter']",2017,10.5194/acp-17-13139-2017
5,Atmospheric Chemistry and Physics,Atmospheric Chemistry and Physics,"['Kevin DallaSanta', 'Lorenzo M. Polvani']",2022,10.5194/acp-22-8843-2022
6,International Journal of Climatology,International Journal of Climatology,"['Liang Ning', 'Jian Liu', 'Raymond S. Bradley', 'Mi Yan', 'Kefan Chen', 'Weiyi Sun', 'Chunhan Jin']",2020,10.1002/joc.6387
7,Journal of Geophysical Research: Atmospheres,Journal of Geophysical Research: Atmospheres,"['Christina Brodowsky', 'Timofei Sukhodolov', 'Aryeh Feinberg', 'Michael Höpfner', 'Thomas Peter', 'Andrea Stenke', 'Eugene Rozanov']",2021,10.1029/2021JD035472
8,Atmospheric Chemistry and Physics,Atmospheric Chemistry and Physics,"['Ilaria Quaglia', 'Claudia Timmreck', 'Ulrike Niemeier', 'Daniele Visioni', 'Giovanni Pitari', 'Christina Brodowsky', 'Christoph Brühl', 'Sandip S. Dhomse', 'Henning Franke', 'Anton Laakso', 'Graham W. Mann', 'Eugene Rozanov', 'Timofei Sukhodolov']",2023,10.5194/acp-23-921-2023
9,Journal of Geophysical Research: Biogeosciences,Journal of Geophysical Research: Biogeosciences,"['Atsushi Obata', 'Yukimasa Adachi']",2019,10.1029/2018JG004696
10,Journal of Geophysical Research: Atmospheres,Journal of Geophysical Research: Atmospheres,"['Evgeniya Predybaylo', 'Georgiy L. Stenchikov', 'Andrew T. Wittenberg', 'Fanrong Zeng']",2017,10.1002/2016JD025796
11,Journal of Climate,Journal of Climate,"['Meng Zuo', 'Wenmin Man', 'Tianjun Zhou', 'Zhun Guo']",2018,10.1175/JCLI-D-17-0571.1
12,Science Advances,Science Advances,"['Seungmok Paik', 'Seung-Ki Min', 'Carley E. Iles', 'Erich M. Fischer', 'Andrew P. Schurer']",2020,10.1126/sciadv.aba1212
13,Nature Communications,Nature Communications,"['J. T. Fasullo', 'R. Tomas', 'S. Stevenson', 'B. Otto-Bliesner', 'E. Brady', 'E. Wahl']",2017,10.1038/s41467-017-01302-z
14,Geoscientific Model Development,Geoscientific Model Development,"['Charlotte Pascoe', 'Bryan N. Lawrence', 'Eric Guilyardi', 'Martin Juckes', 'Karl E. Taylor']",2020,10.5194/gmd-13-2149-2020
15,Geophysical Research Letters,Geophysical Research Letters,"['John T. Fasullo', 'Bette L. Otto‐Bliesner', 'Samantha Stevenson']",2019,10.1029/2019GL084377
16,Earth System Dynamics,Earth System Dynamics,"['Sebastian Illing', 'Christopher Kadow', 'Holger Pohlmann', 'Claudia Timmreck']",2018,10.5194/esd-9-701-2018
17,The Effect of Strong Volcanic Eruptions on ENSO,El Niño Southern Oscillation in a Changing Climate,"['Shayne McGregor', 'Myriam Khodri', 'Nicola Maher', 'Masamichi Ohba', 'Francesco S. R. Pausata', 'Samantha Stevenson']",2020,10.1002/9781119548164.ch12
18,Atmospheric Chemistry and Physics,Atmospheric Chemistry and Physics,"['Hans Brenna', 'Steffen Kutterolf', 'Michael J. Mills', 'Kirstin Krüger']",2020,10.5194/acp-20-6521-2020
19,Climate of the Past,Climate of the Past,"['Markus Stoffel', 'Christophe Corona', 'Francis Ludlow', 'Michael Sigl', 'Heli Huhtamaa', 'Emmanuel Garnier', 'Samuli Helama', 'Sébastien Guillet', 'Arlene Crampsie', 'Katrin Kleemann', 'Chantal Camenisch', 'Joseph McConnell', 'Chaochao Gao']",2022,10.5194/cp-18-1083-2022
20,Climate Dynamics,Climate Dynamics,"['Peter O. Hopcroft', 'Jessy Kandlbauer', 'Paul J. Valdes', 'R. Stephen J. Sparks']",2018,10.1007/s00382-017-3964-7
21,Environmental Modelling & Software,Environmental Modelling & Software,"['Ziheng Sun', 'Liping Di', 'Benjamin Cash', 'Juozas Gaigalas']",2020,10.1016/j.envsoft.2019.104559
22,Climate of the Past,Climate of the Past,"['Claudia Timmreck', 'Matthew Toohey', 'Davide Zanchettin', 'Stefan Brönnimann', 'Elin Lundstad', 'Rob Wilson']",2021,10.5194/cp-17-1455-2021
23,Journal of Advances in Modeling Earth Systems,Journal of Advances in Modeling Earth Systems,"['Chloe Yuchao Gao', 'Vaishali Naik', 'Larry W. Horowitz', 'Paul Ginoux', 'Fabien Paulot', 'John Dunne', 'Michael Mills', 'Valentina Aquila', 'Peter Colarco']",2023,10.1029/2022MS003532
24,Science,Science,"['Sylvia G. Dee', 'Kim M. Cobb', 'Julien Emile-Geay', 'Toby R. Ault', 'R. Lawrence Edwards', 'Hai Cheng', 'Christopher D. Charles']",2020,10.1126/science.abc1733
25,Geoscientific Model Development,Geoscientific Model Development,"['Rumi Ohgaito', 'Akitomo Yamamoto', 'Tomohiro Hajima', ""Ryouta O'ishi"", 'Manabu Abe', 'Hiroaki Tatebe', 'Ayako Abe-Ouchi', 'Michio Kawamiya']",2021,10.5194/gmd-14-1195-2021
26,Bulletin of Volcanology,Bulletin of Volcanology,"['Thomas J. Aubry', 'Jamie I. Farquharson', 'Colin R. Rowell', 'Sebastian F. L. Watt', 'Virginie Pinel', 'Frances Beckett', 'John Fasullo', 'Peter O. Hopcroft', 'David M. Pyle', 'Anja Schmidt', 'John Staunton Sykes']",2022,10.1007/s00445-022-01562-8
27,Atmospheric Chemistry and Physics,Atmospheric Chemistry and Physics,"['Mohamed Abdelkader', 'Georgiy Stenchikov', 'Andrea Pozzer', 'Holger Tost', 'Jos Lelieveld']",2023,10.5194/acp-23-471-2023
28,Land,Land,['Brice B. Hanberry'],2022,10.3390/land11091536
29,Geoscientific Model Development,Geoscientific Model Development,"['Doug M. Smith', 'James A. Screen', 'Clara Deser', 'Judah Cohen', 'John C. Fyfe', 'Javier García-Serrano', 'Thomas Jung', 'Vladimir Kattsov', 'Daniela Matei', 'Rym Msadek', 'Yannick Peings', 'Michael Sigmond', 'Jinro Ukita', 'Jin-Ho Yoon', 'Xiangdong Zhang']",2019,10.5194/gmd-12-1139-2019
30,Geoscientific Model Development,Geoscientific Model Development,"['Yann Quilcaille', 'Thomas Gasser', 'Philippe Ciais', 'Olivier Boucher']",2023,10.5194/gmd-16-1129-2023
31,Geophysical Research Letters,Geophysical Research Letters,"['Davide Zanchettin', 'Claudia Timmreck', 'Matthew Toohey', 'Johann H. Jungclaus', 'Matthias Bittner', 'Stephan J. Lorenz', 'Angelo Rubino']",2019,10.1029/2018GL081018
32,Weather and Climate Extremes,Weather and Climate Extremes,"['Tianyun Dong', 'Xian Zhu', 'Rong Deng', 'Yiling Ma', 'Wenjie Dong']",2022,10.1016/j.wace.2022.100497
33,Quaternary Science Reviews,Quaternary Science Reviews,"['Gill Plunkett', 'Michael Sigl', 'Joseph R. McConnell', 'Jonathan R. Pilcher', 'Nathan J. Chellman']",2023,10.1016/j.quascirev.2022.107936
34,Journal of Geophysical Research: Atmospheres,Journal of Geophysical Research: Atmospheres,"['Alison Ming', 'V. Holly L. Winton', 'James Keeble', 'Nathan L. Abraham', 'Mohit C. Dalvi', 'Paul Griffiths', 'Nicolas Caillon', 'Anna E. Jones', 'Robert Mulvaney', 'Joël Savarino', 'Markus M. Frey', 'Xin Yang']",2020,10.1029/2019JD032290
35,Climate of the Past,Climate of the Past,"['Ulrike Niemeier', 'Felix Riede', 'Claudia Timmreck']",2021,10.5194/cp-17-633-2021
36,Nature Communications,Nature Communications,"['Myriam Khodri', 'Takeshi Izumo', 'Jérôme Vialard', 'Serge Janicot', 'Christophe Cassou', 'Matthieu Lengaigne', 'Juliette Mignot', 'Guillaume Gastineau', 'Eric Guilyardi', 'Nicolas Lebas', 'Alan Robock', 'Michael J. McPhaden']",2017,10.1038/s41467-017-00755-6
37,Atmospheric Chemistry and Physics,Atmospheric Chemistry and Physics,"['Sandip S. Dhomse', 'Graham W. Mann', 'Juan Carlos Antuña Marrero', 'Sarah E. Shallcross', 'Martyn P. Chipperfield', 'Kenneth S. Carslaw', 'Lauren Marshall', 'N. Luke Abraham', 'Colin E. Johnson']",2020,10.5194/acp-20-13627-2020
38,Geoscientific Model Development,Geoscientific Model Development,"['Davide Zanchettin', 'Claudia Timmreck', 'Myriam Khodri', 'Anja Schmidt', 'Matthew Toohey', 'Manabu Abe', 'Slimane Bekki', 'Jason Cole', 'Shih-Wei Fang', 'Wuhu Feng', 'Gabriele Hegerl', 'Ben Johnson', 'Nicolas Lebas', 'Allegra N. LeGrande', 'Graham W. Mann', 'Lauren Marshall', 'Landon Rieger', 'Alan Robock', 'Sara Rubinetti', 'Kostas Tsigaridis', 'Helen Weierbach']",2022,10.5194/gmd-15-2265-2022
39,Geoscientific Model Development,Geoscientific Model Development,"['Edwin P. Gerber', 'Elisa Manzini']",2016,10.5194/gmd-9-3413-2016
40,Climate Dynamics,Climate Dynamics,"['Weiyi Sun', 'Bin Wang', 'Deliang Chen', 'Chaochao Gao', 'Guonian Lu', 'Jian Liu']",2020,10.1007/s00382-020-05371-7
41,Geoscientific Model Development,Geoscientific Model Development,"['Masa Kageyama', 'Pascale Braconnot', 'Sandy P. Harrison', 'Alan M. Haywood', 'Johann H. Jungclaus', 'Bette L. Otto-Bliesner', 'Jean-Yves Peterschmitt', 'Ayako Abe-Ouchi', 'Samuel Albani', 'Patrick J. Bartlein', 'Chris Brierley', 'Michel Crucifix', 'Aisling Dolan', 'Laura Fernandez-Donado', 'Hubertus Fischer', 'Peter O. Hopcroft', 'Ruza F. Ivanovic', 'Fabrice Lambert', 'Daniel J. Lunt', 'Natalie M. Mahowald', 'W. Richard Peltier', 'Steven J. Phipps', 'Didier M. Roche', 'Gavin A. Schmidt', 'Lev Tarasov', 'Paul J. Valdes', 'Qiong Zhang', 'Tianjun Zhou']",2018,10.5194/gmd-11-1033-2018
42,Earth System Science Data,Earth System Science Data,"['Mahesh Kovilakam', 'Larry W. Thomason', 'Nicholas Ernest', 'Landon Rieger', 'Adam Bourassa', 'Luis Millán']",2020,10.5194/essd-12-2607-2020
43,Atmospheric Chemistry and Physics,Atmospheric Chemistry and Physics,"['Daniele Visioni', 'Ewa M. Bednarz', 'Walker R. Lee', 'Ben Kravitz', 'Andy Jones', 'Jim M. Haywood', 'Douglas G. MacMartin']",2023,10.5194/acp-23-663-2023
44,Climate Dynamics,Climate Dynamics,"['Jing Chai', 'Fei Liu', 'Chen Xing', 'Bin Wang', 'Chaochao Gao', 'Jian Liu', 'Deliang Chen']",2020,10.1007/s00382-020-05453-6
45,Proceedings of the National Academy of Sciences,Proceedings of the National Academy of Sciences,"['Ernesto Tejedor', 'Nathan J. Steiger', 'Jason E. Smerdon', 'Roberto Serrano-Notivoli', 'Mathias Vuille']",2021,10.1073/pnas.2019145118
46,Geophysical Research Letters,Geophysical Research Letters,"['Beatrice Ellerhoff', 'Moritz J. Kirschner', 'Elisa Ziegler', 'Max D. Holloway', 'Louise Sime', 'Kira Rehfeld']",2022,10.1029/2022GL098335
47,Geophysical Research Letters,Geophysical Research Letters,"['Francesco S. R. Pausata', 'Yang Zhao', 'Davide Zanchettin', 'Rodrigo Caballero', 'David S. Battisti']",2023,10.1029/2022GL102183
48,Weather and Climate Dynamics,Weather and Climate Dynamics,"['Stergios Misios', 'Ioannis Logothetis', 'Mads F. Knudsen', 'Christoffer Karoff', 'Vassilis Amiridis', 'Kleareti Tourpali']",2022,10.5194/wcd-3-811-2022
49,Nature,Nature,"['Sébastien Guillet', 'Christophe Corona', 'Clive Oppenheimer', 'Franck Lavigne', 'Myriam Khodri', 'Francis Ludlow', 'Michael Sigl', 'Matthew Toohey', 'Paul S. Atkins', 'Zhen Yang', 'Tomoko Muranaka', 'Nobuko Horikawa', 'Markus Stoffel']",2023,10.1038/s41586-023-05751-z
50,Environmental Research Letters,Environmental Research Letters,"['Seungmok Paik', 'Seung-Ki Min', 'Seok-Woo Son', 'Eun-Pa Lim', 'Shayne McGregor', 'Soon-Il An', 'Jong-Seong Kug', 'Sang-Wook Yeh']",2023,10.1088/1748-9326/acd5e6
51,Climate of the Past,Climate of the Past,"['Evelien van Dijk', 'Johann Jungclaus', 'Stephan Lorenz', 'Claudia Timmreck', 'Kirstin Krüger']",2022,10.5194/cp-18-1601-2022
52,Geoscientific Model Development,Geoscientific Model Development,"['Johann H. Jungclaus', 'Edouard Bard', 'Mélanie Baroni', 'Pascale Braconnot', 'Jian Cao', 'Louise P. Chini', 'Tania Egorova', 'Michael Evans', 'J. Fidel González-Rouco', 'Hugues Goosse', 'George C. Hurtt', 'Fortunat Joos', 'Jed O. Kaplan', 'Myriam Khodri', 'Kees Klein Goldewijk', 'Natalie Krivova', 'Allegra N. LeGrande', 'Stephan J. Lorenz', 'Jürg Luterbacher', 'Wenmin Man', 'Amanda C. Maycock', 'Malte Meinshausen', 'Anders Moberg', 'Raimund Muscheler', 'Christoph Nehrbass-Ahles', 'Bette I. Otto-Bliesner', 'Steven J. Phipps', 'Julia Pongratz', 'Eugene Rozanov', 'Gavin A. Schmidt', 'Hauke Schmidt', 'Werner Schmutz', 'Andrew Schurer', 'Alexander I. Shapiro', 'Michael Sigl', 'Jason E. Smerdon', 'Sami K. Solanki', 'Claudia Timmreck', 'Matthew Toohey', 'Ilya G. Usoskin', 'Sebastian Wagner', 'Chi-Ju Wu', 'Kok Leng Yeo', 'Davide Zanchettin', 'Qiong Zhang', 'Eduardo Zorita']",2017,10.5194/gmd-10-4005-2017
53,Environmental Research Letters,Environmental Research Letters,"['Roberta D’Agostino', 'Claudia Timmreck']",2022,10.1088/1748-9326/ac62af
54,Atmospheric Chemistry and Physics,Atmospheric Chemistry and Physics,"['Daniele Visioni', 'Ben Kravitz', 'Alan Robock', 'Simone Tilmes', 'Jim Haywood', 'Olivier Boucher', 'Mark Lawrence', 'Peter Irvine', 'Ulrike Niemeier', 'Lili Xia', 'Gabriel Chiodo', 'Chris Lennard', 'Shingo Watanabe', 'John C. Moore', 'Helene Muri']",2023,10.5194/acp-23-5149-2023
55,Journal of Climate,Journal of Climate,"['Ulf Büntgen', 'Paul J. Krusic', 'Anne Verstege', 'Gabriel Sangüesa-Barreda', 'Sebastian Wagner', 'J. Julio Camarero', 'Fredrik Charpentier Ljungqvist', 'Eduardo Zorita', 'Clive Oppenheimer', 'Oliver Konter', 'Willy Tegel', 'Holger Gärtner', 'Paolo Cherubini', 'Frederick Reinig', 'Jan Esper']",2017,10.1175/JCLI-D-16-0526.1
56,Environmental Research Letters,Environmental Research Letters,"['Andrew P Schurer', 'Gabriele C Hegerl', 'Jürg Luterbacher', 'Stefan Brönnimann', 'Tim Cowan', 'Simon F B Tett', 'Davide Zanchettin', 'Claudia Timmreck']",2019,10.1088/1748-9326/ab3a10
57,Journal of Climate,Journal of Climate,"['Fredrik Charpentier Ljungqvist', 'Qiong Zhang', 'Gudrun Brattström', 'Paul J. Krusic', 'Andrea Seim', 'Qiang Li', 'Qiang Zhang', 'Anders Moberg']",2019,10.1175/JCLI-D-18-0525.1
58,Journal of Climate,Journal of Climate,"['Meng Zuo', 'Tianjun Zhou', 'Wenmin Man']",2019,10.1175/JCLI-D-18-0707.1
59,Nature Communications,Nature Communications,"['Thomas J. Aubry', 'John Staunton-Sykes', 'Lauren R. Marshall', 'Jim Haywood', 'Nathan Luke Abraham', 'Anja Schmidt']",2021,10.1038/s41467-021-24943-7
60,Journal of Geophysical Research: Atmospheres,Journal of Geophysical Research: Atmospheres,"['Lauren Marshall', 'Jill S. Johnson', 'Graham W. Mann', 'Lindsay Lee', 'Sandip S. Dhomse', 'Leighton Regayre', 'Masaru Yoshioka', 'Ken S. Carslaw', 'Anja Schmidt']",2019,10.1029/2018JD028675
61,Paleoceanography and Paleoclimatology,Paleoceanography and Paleoclimatology,"['P. Moffa‐Sánchez', 'E. Moreno‐Chamarro', 'D. J. Reynolds', 'P. Ortega', 'L. Cunningham', 'D. Swingedouw', 'D. E. Amrhein', 'J. Halfar', 'L. Jonkers', 'J. H. Jungclaus', 'K. Perner', 'A. Wanamaker', 'S. Yeager']",2019,10.1029/2018PA003508
62,Geophysical Research Letters,Geophysical Research Letters,"['Kyle B. Heyblom', 'Hansi A. Singh', 'Philip J. Rasch', 'Patricia DeRepentigny']",2022,10.1029/2021GL096868
63,Nature Climate Change,Nature Climate Change,"['Yochanan Kushnir', 'Adam A. Scaife', 'Raymond Arritt', 'Gianpaolo Balsamo', 'George Boer', 'Francisco Doblas-Reyes', 'Ed Hawkins', 'Masahide Kimoto', 'Rupa Kumar Kolli', 'Arun Kumar', 'Daniela Matei', 'Katja Matthes', 'Wolfgang A. Müller', 'Terence O’Kane', 'Judith Perlwitz', 'Scott Power', 'Marilyn Raphael', 'Akihiko Shimpo', 'Doug Smith', 'Matthias Tuma', 'Bo Wu']",2019,10.1038/s41558-018-0359-7
64,Geophysical Research Letters,Geophysical Research Letters,"['C. A. Kroll', 'S. Fueglistaler', 'H. Schmidt', 'L. Kornblueh', 'C. Timmreck']",2023,10.1029/2022GL102262
65,Geoscientific Model Development,Geoscientific Model Development,"['George J. Boer', 'Douglas M. Smith', 'Christophe Cassou', 'Francisco Doblas-Reyes', 'Gokhan Danabasoglu', 'Ben Kirtman', 'Yochanan Kushnir', 'Masahide Kimoto', 'Gerald A. Meehl', 'Rym Msadek', 'Wolfgang A. Mueller', 'Karl E. Taylor', 'Francis Zwiers', 'Michel Rixen', 'Yohan Ruprich-Robert', 'Rosie Eade']",2016,10.5194/gmd-9-3751-2016
66,Atmospheric Chemistry and Physics,Atmospheric Chemistry and Physics,"['Ulrike Niemeier', 'Claudia Timmreck', 'Kirstin Krüger']",2019,10.5194/acp-19-10379-2019
67,Journal of Geophysical Research: Atmospheres,Journal of Geophysical Research: Atmospheres,"['James S. A. Brooke', 'Wuhu Feng', 'Juan Diego Carrillo-Sánchez', 'Graham W. Mann', 'Alexander D. James', 'Charles G. Bardeen', 'Lauren Marshall', 'Sandip S. Dhomse', 'John M. C. Plane']",2017,10.1002/2017JD027143
68,Geoscientific Model Development,Geoscientific Model Development,"['Aryeh Feinberg', 'Timofei Sukhodolov', 'Bei-Ping Luo', 'Eugene Rozanov', 'Lenny H. E. Winkel', 'Thomas Peter', 'Andrea Stenke']",2019,10.5194/gmd-12-3863-2019
69,Geoscientific Model Development,Geoscientific Model Development,"['Nathan P. Gillett', 'Hideo Shiogama', 'Bernd Funke', 'Gabriele Hegerl', 'Reto Knutti', 'Katja Matthes', 'Benjamin D. Santer', 'Daithi Stone', 'Claudia Tebaldi']",2016,10.5194/gmd-9-3685-2016
70,Geoscientific Model Development,Geoscientific Model Development,"['Timofei Sukhodolov', 'Jian-Xiong Sheng', 'Aryeh Feinberg', 'Bei-Ping Luo', 'Thomas Peter', 'Laura Revell', 'Andrea Stenke', 'Debra K. Weisenstein', 'Eugene Rozanov']",2018,10.5194/gmd-11-2633-2018
71,Geophysical Research Letters,Geophysical Research Letters,"['Fei Liu', 'Chen Xing', 'Liying Sun', 'Bin Wang', 'Deliang Chen', 'Jian Liu']",2018,10.1029/2018GL080315
72,Geophysical Research Letters,Geophysical Research Letters,"['Lauren R. Marshall', 'Christopher J. Smith', 'Piers M. Forster', 'Thomas J. Aubry', 'Timothy Andrews', 'Anja Schmidt']",2020,10.1029/2020GL090241
73,Journal of Climate,Journal of Climate,"['Chen Xing', 'Fei Liu', 'Bin Wang', 'Deliang Chen', 'Jian Liu', 'Bin Liu']",2020,10.1175/JCLI-D-19-0186.1
74,Earth System Science Data,Earth System Science Data,"['Matthew Toohey', 'Michael Sigl']",2017,10.5194/essd-9-809-2017
75,Proceedings of the National Academy of Sciences,Proceedings of the National Academy of Sciences,"['John C. Fyfe', 'Viatcheslav V. Kharin', 'Benjamin D. Santer', 'Jason N. S. Cole', 'Nathan P. Gillett']",2021,10.1073/pnas.2016549118
76,Earth's Future,Earth's Future,"['Wenmin Man', 'Meng Zuo', 'Tianjun Zhou', 'John T. Fasullo', 'Ingo Bethke', 'Xiaolong Chen', 'Liwei Zou', 'Bo Wu']",2021,10.1029/2020EF001803
77,Journal of Climate,Journal of Climate,"['Kevin DallaSanta', 'Edwin P. Gerber', 'Matthew Toohey']",2019,10.1175/JCLI-D-18-0099.1
78,Geophysical Research Letters,Geophysical Research Letters,"['Fei Liu', 'Chen Xing', 'Lin Chen', 'Chaochao Gao', 'Tao Lian', 'Shangrong Zhou', 'Hui Wang', 'Bin Wang', 'Wenjie Dong']",2022,10.1029/2022GL100609
79,Atmospheric Chemistry and Physics,Atmospheric Chemistry and Physics,"['Lauren Marshall', 'Anja Schmidt', 'Matthew Toohey', 'Ken S. Carslaw', 'Graham W. Mann', 'Michael Sigl', 'Myriam Khodri', 'Claudia Timmreck', 'Davide Zanchettin', 'William T. Ball', 'Slimane Bekki', 'James S. A. Brooke', 'Sandip Dhomse', 'Colin Johnson', 'Jean-Francois Lamarque', 'Allegra N. LeGrande', 'Michael J. Mills', 'Ulrike Niemeier', 'James O. Pope', 'Virginie Poulain', 'Alan Robock', 'Eugene Rozanov', 'Andrea Stenke', 'Timofei Sukhodolov', 'Simone Tilmes', 'Kostas Tsigaridis', 'Fiona Tummon']",2018,10.5194/acp-18-2307-2018
80,Geophysical Research Letters,Geophysical Research Letters,"['Wenchang Yang', 'Gabriel A. Vecchi', 'Stephan Fueglistaler', 'Larry W. Horowitz', 'David J. Luet', 'Ángel G. Muñoz', 'David Paynter', 'Seth Underwood']",2019,10.1029/2019GL082367
81,Nature Climate Change,Nature Climate Change,"['Ingo Bethke', 'Stephen Outten', 'Odd Helge Otterå', 'Ed Hawkins', 'Sebastian Wagner', 'Michael Sigl', 'Peter Thorne']",2017,10.1038/nclimate3394
82,Geoscientific Model Development,Geoscientific Model Development,"['Martin Juckes', 'Karl E. Taylor', 'Paul J. Durack', 'Bryan Lawrence', 'Matthew S. Mizielinski', 'Alison Pamment', 'Jean-Yves Peterschmitt', 'Michel Rixen', 'Stéphane Sénési']",2020,10.5194/gmd-13-201-2020
83,Journal of Meteorological Research,Journal of Meteorological Research,"['Tao Wang', 'Jiapeng Miao', 'Huijun Wang', 'Jianqi Sun']",2021,10.1007/s13351-021-0160-9
84,The Holocene,The Holocene,"['Thanh Le', 'Deg-Hyo Bae']",2021,10.1177/0959683620988033
85,Atmosphere,Atmosphere,"['Jianping Duan', 'Peili Wu', 'Zhuguo Ma']",2019,10.3390/atmos10120738
86,Journal of Geophysical Research: Atmospheres,Journal of Geophysical Research: Atmospheres,"['Alon Azoulay', 'Hauke Schmidt', 'Claudia Timmreck']",2021,10.1029/2020JD034450
87,Weather and Climate Extremes,Weather and Climate Extremes,"['Seungmok Paik', 'Seung-Ki Min', 'Soon-Il An']",2022,10.1016/j.wace.2022.100489
88,Paleoceanography and Paleoclimatology,Paleoceanography and Paleoclimatology,"['S. Stevenson', 'B. L. Otto‐Bliesner', 'E. C. Brady', 'J. Nusbaumer', 'C. Tabor', 'R. Tomas', 'D. C. Noone', 'Z. Liu']",2019,10.1029/2019PA003625
89,Climate of the Past,Climate of the Past,"['Zhihong Zhuo', 'Ingo Kirchner', 'Ulrich Cubasch']",2023,10.5194/cp-19-835-2023
90,Atmospheric Chemistry and Physics,Atmospheric Chemistry and Physics,"['Margot Clyne', 'Jean-Francois Lamarque', 'Michael J. Mills', 'Myriam Khodri', 'William Ball', 'Slimane Bekki', 'Sandip S. Dhomse', 'Nicolas Lebas', 'Graham Mann', 'Lauren Marshall', 'Ulrike Niemeier', 'Virginie Poulain', 'Alan Robock', 'Eugene Rozanov', 'Anja Schmidt', 'Andrea Stenke', 'Timofei Sukhodolov', 'Claudia Timmreck', 'Matthew Toohey', 'Fiona Tummon', 'Davide Zanchettin', 'Yunqian Zhu', 'Owen B. Toon']",2021,10.5194/acp-21-3317-2021
91,Chaos: An Interdisciplinary Journal of Nonlinear Science,Chaos: An Interdisciplinary Journal of Nonlinear Science,"['Dmitry Mukhin', 'Sergey Kravtsov', 'Aleksei Seleznev', 'Evgeny Loskutov', 'Maria Buyanova', 'Alexander Feigin']",2023,10.1063/5.0135506
92,Climate of the Past,Climate of the Past,['various'],2017,10.5194/cp-13-1851-2017
93,Agricultural and Forest Meteorology,Agricultural and Forest Meteorology,"['Qian Zhao', 'Zaichun Zhu', 'Hui Zeng', 'Weiqing Zhao', 'Ranga B. Myneni']",2020,10.1016/j.agrformet.2020.108111
94,Journal of Advances in Modeling Earth Systems,Journal of Advances in Modeling Earth Systems,"['Roland Séférian', 'Pierre Nabat', 'Martine Michou', 'David Saint‐Martin', 'Aurore Voldoire', 'Jeanne Colin', 'Bertrand Decharme', 'Christine Delire', 'Sarah Berthet', 'Matthieu Chevallier', 'Stephane Sénési', 'Laurent Franchisteguy', 'Jessica Vial', 'Marc Mallet', 'Emilie Joetzjer', 'Olivier Geoffroy', 'Jean‐François Guérémy', 'Marie‐Pierre Moine', 'Rym Msadek', 'Aurélien Ribes', 'Matthias Rocher', 'Romain Roehrig', 'David Salas‐y‐Mélia', 'Emilia Sanchez', 'Laurent Terray', 'Sophie Valcke', 'Robin Waldman', 'Olivier Aumont', 'Laurent Bopp', 'Julie Deshayes', 'Christian Éthé', 'Gurvan Madec']",2019,10.1029/2019MS001791
95,Geosciences,Geosciences,"['Raffaello Nardin', 'Alessandra Amore', 'Silvia Becagli', 'Laura Caiazzo', 'Massimo Frezzotti', 'Mirko Severi', 'Barbara Stenni', 'Rita Traversi']",2020,10.3390/geosciences10010038
96,Geophysical Research Letters,Geophysical Research Letters,"['Hans Brenna', 'Steffen Kutterolf', 'Michael J. Mills', 'Ulrike Niemeier', 'Claudia Timmreck', 'Kirstin Krüger']",2021,10.1029/2020GL089687
97,Meteorological Monographs,Meteorological Monographs,"['V. Ramaswamy', 'W. Collins', 'J. Haywood', 'J. Lean', 'N. Mahowald', 'G. Myhre', 'V. Naik', 'K. P. Shine', 'B. Soden', 'G. Stenchikov', 'T. Storelvmo']",2019,10.1175/AMSMONOGRAPHS-D-19-0001.1
98,Nature Reviews Earth & Environment,Nature Reviews Earth & Environment,"['Ben Kravitz', 'Douglas G. MacMartin']",2020,10.1038/s43017-019-0004-7
99,Journal of Geophysical Research: Atmospheres,Journal of Geophysical Research: Atmospheres,"['L. Bock', 'A. Lauer', 'M. Schlund', 'M. Barreiro', 'N. Bellouin', 'C. Jones', 'G. A. Meehl', 'V. Predoi', 'M. J. Roberts', 'V. Eyring']",2020,10.1029/2019JD032321
100,Geoscientific Model Development,Geoscientific Model Development,"['Matthew Toohey', 'Bjorn Stevens', 'Hauke Schmidt', 'Claudia Timmreck']",2016,10.5194/gmd-9-4049-2016
101,Paleoceanography and Paleoclimatology,Paleoceanography and Paleoclimatology,"['E. Tejedor', 'N. Steiger', 'J. E. Smerdon', 'R. Serrano‐Notivoli', 'M. Vuille']",2021,10.1029/2020PA004128
102,Climate of the Past,Climate of the Past,"['Jesper Sjolte', 'Christophe Sturm', 'Florian Adolphi', 'Bo M. Vinther', 'Martin Werner', 'Gerrit Lohmann', 'Raimund Muscheler']",2018,10.5194/cp-14-1179-2018
103,Atmospheric Chemistry and Physics,Atmospheric Chemistry and Physics,"['Ulrike Niemeier', 'Jadwiga H. Richter', 'Simone Tilmes']",2020,10.5194/acp-20-8975-2020
104,Earth System Science Data,Earth System Science Data,"['Juan-Carlos Antuña-Marrero', 'Graham W. Mann', 'John Barnes', 'Albeht Rodríguez-Vega', 'Sarah Shallcross', 'Sandip S. Dhomse', 'Giorgio Fiocco', 'Gerald W. Grams']",2021,10.5194/essd-13-4407-2021
105,Bulletin of Volcanology,Bulletin of Volcanology,"['Lauren R. Marshall', 'Elena C. Maters', 'Anja Schmidt', 'Claudia Timmreck', 'Alan Robock', 'Matthew Toohey']",2022,10.1007/s00445-022-01559-3
106,Geoscientific Model Development,Geoscientific Model Development,"['Claudia Timmreck', 'Graham W. Mann', 'Valentina Aquila', 'Rene Hommel', 'Lindsay A. Lee', 'Anja Schmidt', 'Christoph Brühl', 'Simon Carn', 'Mian Chin', 'Sandip S. Dhomse', 'Thomas Diehl', 'Jason M. English', 'Michael J. Mills', 'Ryan Neely', 'Jianxiong Sheng', 'Matthew Toohey', 'Debra Weisenstein']",2018,10.5194/gmd-11-2581-2018
107,Geophysical Research Letters,Geophysical Research Letters,"['Holger Pohlmann', 'Wolfgang A. Müller', 'Matthias Bittner', 'Sebastian Hettrich', 'Kameswarrao Modali', 'Klaus Pankatz', 'Jochem Marotzke']",2019,10.1029/2019GL084878
108,Earth Systems and Environment,Earth Systems and Environment,"['Muhammad Mubashar Dogar', 'Leon Hermanson', 'Adam A. Scaife', 'Daniele Visioni', 'Ming Zhao', 'Ibrahim Hoteit', 'Hans-F. Graf', 'Muhammad Ahmad Dogar', 'Mansour Almazroui', 'Masatomo Fujiwara']",2023,10.1007/s41748-022-00331-z
109,Journal of Advances in Modeling Earth Systems,Journal of Advances in Modeling Earth Systems,"['Natalie Burls', 'Navjit Sagoo']",2022,10.1029/2022MS003389
